{"cameraMode":{"drawMode":0,"name":"Shaded","section":"Shading Mode"},"sceneLighting":true,"audioPlay":false,"sceneViewState":{"showFog":true,"showMaterialUpdate":false,"showSkybox":true,"showFlares":true,"showImageEffects":true,"showParticleSystems":true},"in2DMode":false,"pivot":{"x":1.00201416015625,"y":2.6552090644836427,"z":-3.075100898742676},"rotation":{"x":-0.08404329419136048,"y":0.7304748296737671,"z":-0.0914168730378151,"w":-0.6715551614761353},"size":7.493355751037598,"orthographic":false}