{"cameraMode":{"drawMode":0,"name":"Shaded","section":"Shading Mode"},"sceneLighting":false,"audioPlay":false,"sceneViewState":{"showFog":true,"showMaterialUpdate":false,"showSkybox":true,"showFlares":true,"showImageEffects":true,"showParticleSystems":true},"in2DMode":false,"pivot":{"x":0.21769371628761292,"y":0.9905192255973816,"z":-7.6841959953308109},"rotation":{"x":-0.09192613512277603,"y":0.5703848004341126,"z":-0.06444051861763,"w":-0.8136696219444275},"size":0.4041661322116852,"orthographic":false}